"Greenfield","WI","Milwaukee County
 ",36903,36720,0.01,36720,0.05,0.18,0.21,0.52,0.89,0.02,0.01,0.04,-1,0.02,0.08,0.83,0.87,0.06,0.11,0.90,0.25,3188,22.70,0.61,0.43,185400,16412,2.17,29225,50577,0.07,2818,0.26,-1,22445,858256,23818,-1,11.51,3190.30,31175,457848,424164,33684,7.40,1,0,,1,10,19,7.75,5,1573,51,1293,,,57,,14,41,-1,-1,-1,-1
"Hales Corners","WI","Milwaukee County
 ",7730,7692,0.01,7692,0.05,0.21,0.19,0.52,0.95,0.01,0.01,0.02,-1,0.01,0.04,0.92,0.91,0.02,0.03,0.91,0.37,608,19.60,0.65,0.33,230100,3156,2.41,32976,63808,0.07,668,0.22,-1,-1,225809,29751,23137,3.21,2396.30,32075,457848,424164,33684,7.40,0,0,,1,10,19,7.75,5,1573,7,157,,,17,,14,41,-1,-1,-1,-1
"Hartford","WI","Dodge County
 Washington County
 ",14277,14223,0.00,14223,0.08,0.27,0.14,0.51,0.95,0.01,0.01,0.01,-1,0.01,0.05,0.92,0.84,0.04,0.07,0.92,0.21,762,24.50,0.66,0.33,194700,5418,2.55,24856,56333,0.08,1315,0.19,1172117,27106,193205,14122,22526,7.94,1790.60,33000,46954,44093,2861,6.10,1,0,,1,10,19,7.75,5,1573,8,326,,,25,,14,41,-1,-1,-1,-1
"Hobart","WI","Brown County
 ",6254,6182,0.01,6182,0.06,0.27,0.13,0.51,0.78,0.01,0.18,0.01,0.00,0.03,0.02,0.77,0.95,0.01,0.05,0.96,0.36,424,16.50,0.93,0.07,220700,2190,2.78,44243,88191,0.03,431,0.08,-1,47966,8299,1364,-1,32.95,187.60,35150,141421,134016,7405,5.20,0,0,,0,10,19,7.75,5,1573,-1,-1,,,-1,,14,41,-1,-1,-1,-1
"Holmen","WI","La Crosse County
 ",9081,9005,0.01,9005,0.09,0.30,0.10,0.51,0.90,0.01,0.00,0.07,-1,0.02,0.01,0.90,0.80,0.06,0.08,0.93,0.28,602,21.80,0.74,0.19,163400,3149,2.76,23186,59972,0.10,995,"S",-1,12398,57527,7502,7318,5.20,1732.40,35450,67278,64330,2948,4.40,0,0,,2,10,19,7.75,5,1573,10,183,,,9,,14,41,-1,-1,-1,-1
"Howard","WI","Brown County
 Outagamie County
 ",17602,17399,0.01,17399,0.07,0.27,0.11,0.52,0.94,0.02,0.01,0.01,-1,0.02,0.02,0.92,0.85,0.02,0.05,0.94,0.24,1179,17.80,0.64,0.31,174800,6606,2.57,27832,62146,0.08,1342,0.30,322823,151796,272249,16591,25356,18.10,961.10,35950,141421,134016,7405,5.20,0,0,,0,10,19,7.75,5,1573,-1,-1,,,-1,,14,41,-1,-1,-1,-1
"Hudson","WI","St. Croix County
 ",12815,12729,0.01,12719,0.08,0.25,0.12,0.52,0.95,0.01,0.00,0.01,-1,0.02,0.03,0.93,0.81,0.04,0.05,0.94,0.39,918,24.40,0.66,0.27,210500,5414,2.29,32341,60833,0.07,1918,0.21,225394,-1,433668,35956,54378,6.53,1948.10,36250,60962,57695,3267,5.40,1,0,,1,10,19,7.75,5,1573,24,591,,,23,,14,41,-1,-1,-1,-1
"Jackson","WI","Washington County
 ",6779,6753,0.00,6753,0.07,0.24,0.12,0.51,0.97,0.01,0.00,0.01,0.00,0.01,0.02,0.96,0.90,0.06,0.08,0.89,0.31,494,24.90,0.77,0.26,207100,2806,2.35,30303,56969,0.02,480,0.22,254248,457896,41118,6634,5845,3.05,2217.70,37675,73756,69936,3820,5.20,0,0,,0,10,19,7.75,5,1573,7,40,,,12,,14,41,-1,-1,-1,-1
"Janesville","WI","Rock County
 ",63479,63575,0.00,63575,0.07,0.25,0.14,0.51,0.92,0.03,0.00,0.01,-1,0.02,0.05,0.89,0.85,0.04,0.07,0.89,0.22,5293,20.60,0.71,0.22,135200,25112,2.48,24009,49772,0.13,4501,0.23,10171312,1642344,1630579,25911,121126,33.86,1877.60,37825,78353,72822,5531,7.10,1,0,,2,10,19,7.75,5,1573,153,2245,,,99,,14,41,-1,-1,-1,-1
"Jefferson","WI","Jefferson County
 ",7997,7973,0.00,7973,0.07,0.24,0.16,0.50,0.91,0.01,0.00,0.01,0.00,0.02,0.12,0.86,0.85,0.07,0.11,0.88,0.17,458,23.40,0.59,0.35,159200,3175,2.36,22317,46274,0.09,623,"S",1124775,-1,105421,13394,8284,5.72,1393.60,37900,41723,39291,2432,5.80,0,0,,1,10,19,7.75,5,1573,18,287,,,14,,14,41,-1,-1,-1,-1
"Kaukauna","WI","Outagamie County
 ",15561,15464,0.01,15462,0.08,0.26,0.12,0.51,0.95,0.01,0.01,0.01,-1,0.02,0.03,0.93,0.86,0.02,0.04,0.91,0.18,1266,19.80,0.70,0.29,137800,6167,2.45,24897,53224,0.08,1281,"S",452018,147137,194106,12767,9171,7.66,2017.70,38800,98862,93777,5085,5.10,0,0,,1,10,19,7.75,5,1573,5,196,,,24,,14,41,-1,-1,-1,-1
"Kenosha","WI","Kenosha County
 ",99738,99226,0.01,99218,0.08,0.27,0.11,0.51,0.77,0.10,0.01,0.02,0.00,0.04,0.16,0.70,0.83,0.08,0.15,0.87,0.23,6879,23.70,0.60,0.36,161200,37130,2.57,23728,48396,0.16,5922,0.26,1584267,465696,1276433,13205,147835,26.93,3684.20,39225,86856,80216,6640,7.60,2,0,,2,10,19,7.75,5,1573,270,3017,,,199,,14,41,-1,-1,-1,-1
"Kimberly","WI","Outagamie County
 ",6508,6468,0.01,6468,0.07,0.24,0.16,0.51,0.94,0.01,0.01,0.02,0.00,0.01,0.02,0.93,0.88,0.02,0.04,0.93,0.21,638,17.20,0.77,0.23,130000,2885,2.24,25231,44504,0.12,418,"S",761398,156536,40163,6269,11890,2.26,2858.20,39650,98862,93777,5085,5.10,0,0,,1,10,19,7.75,5,1573,-1,-1,,,-1,,14,41,-1,-1,-1,-1
"Kronenwetter","WI","Marathon County
 ",7229,7210,0.00,7210,0.07,0.27,0.10,0.50,0.95,0.00,0.00,0.04,0.00,0.01,0.01,0.94,0.92,0.02,0.04,0.93,0.32,408,20.70,0.84,0.12,165700,2486,2.81,26778,72655,0.04,"S","S",-1,-1,-1,-1,832,51.70,139.40,40550,73517,69366,4151,5.60,0,0,,0,10,19,7.75,5,1573,5,60,,,6,,14,41,-1,-1,-1,-1
"La Crosse","WI","La Crosse County
 ",51719,51320,0.01,51320,0.05,0.16,0.13,0.52,0.90,0.02,0.01,0.05,-1,0.02,0.02,0.89,0.72,0.04,0.07,0.92,0.27,3647,15.50,0.51,0.42,126800,21457,2.18,21383,38287,0.23,3055,0.27,1438552,2645135,1015341,19946,142906,20.52,2501.50,40775,67278,64330,2948,4.40,2,0,,2,10,19,7.75,5,1573,189,1837,,,93,,14,41,-1,-1,-1,-1
"Lake Geneva","WI","Walworth County
 ",7679,7651,0.00,7651,0.06,0.23,0.17,0.53,0.88,0.01,0.00,0.02,-1,0.02,0.17,0.80,0.75,0.16,0.23,0.82,0.31,407,23.90,0.49,0.44,194300,3318,2.29,26181,46220,0.16,1460,0.23,-1,111479,273613,34006,122360,6.54,1169.20,41450,56110,52936,3174,5.70,0,0,,0,10,19,7.75,5,1573,12,411,,,22,,14,41,-1,-1,-1,-1
"Lake Hallie","WI","Chippewa County
 ",6486,6448,0.01,6448,0.08,0.26,0.10,0.49,0.94,0.01,0.01,0.02,0.00,0.02,0.02,0.93,0.82,0.03,0.04,0.89,0.21,731,19.20,0.67,0.15,160300,2331,2.69,25235,59129,0.09,432,"S",-1,9765,49484,8417,861,14.09,457.50,41525,32845,31199,1646,5.00,0,0,,0,10,19,7.75,5,1573,14,254,,,6,,14,41,-1,-1,-1,-1
"Lake Mills","WI","Jefferson County
 ",5726,5708,0.00,5708,0.07,0.25,0.14,0.51,0.96,0.01,0.00,0.01,0.00,0.01,0.04,0.94,0.84,0.03,0.05,0.94,0.33,580,26.70,0.60,0.34,179000,2439,2.29,29291,55767,0.08,756,"S",-1,153308,53797,9942,6175,4.06,1407.00,41675,41723,39291,2432,5.80,0,0,,1,10,19,7.75,5,1573,9,93,,,10,,14,41,-1,-1,-1,-1
"Little Chute","WI","Outagamie County
 ",10514,10449,0.01,10449,0.07,0.25,0.12,0.50,0.95,0.01,0.01,0.01,-1,0.01,0.03,0.94,0.91,0.02,0.04,0.91,0.21,703,19.20,0.69,0.24,142700,4052,2.57,25973,55379,0.09,614,0.20,605833,101078,56267,5087,11451,5.16,2023.40,44950,98862,93777,5085,5.10,0,0,,0,10,19,7.75,5,1573,-1,-1,,,-1,,14,41,-1,-1,-1,-1
"Madison","WI","Dane County
 ",236901,233209,0.02,233209,0.06,0.18,0.10,0.51,0.79,0.07,0.00,0.07,-1,0.03,0.07,0.76,0.72,0.11,0.15,0.95,0.53,12258,19.00,0.51,0.50,219600,99512,2.21,30595,54093,0.18,18693,0.29,2418297,2321341,4103644,17937,595323,76.79,3037.00,48000,300599,288660,11939,4.00,5,0,12,33,10,19,7.75,5,1573,853,7884,,,443,,14,41,-1,17,8,-1
"Manitowoc","WI","Manitowoc County
 ",33545,33735,-0.01,33736,0.06,0.22,0.19,0.52,0.90,0.01,0.01,0.05,-1,0.02,0.05,0.88,0.89,0.04,0.09,0.89,0.19,2974,16.10,0.66,0.32,108400,14703,2.23,24687,42417,0.11,1973,0.25,1995179,170821,529366,16060,57354,17.63,1913.70,48500,43874,41115,2759,6.30,1,0,,1,10,19,7.75,5,1573,47,655,,,64,,14,41,-1,-1,-1,-1
"Marinette","WI","Marinette County
 ",10943,10968,0.00,10968,0.06,0.22,0.18,0.52,0.97,0.00,0.01,0.01,0.00,0.01,0.01,0.96,0.90,0.02,0.04,0.90,0.15,907,12.60,0.68,0.25,79100,5378,2.00,22141,39095,0.16,984,"S",1331525,-1,174197,16269,21950,6.83,1607.00,49300,21701,20345,1356,6.20,1,0,,3,10,19,7.75,5,1573,13,463,,,23,,14,41,-1,-1,-1,-1
"Marshfield","WI","Marathon County
 Wood County
 ",19129,19118,0.00,19118,0.07,0.21,0.18,0.53,0.95,0.01,0.00,0.02,-1,0.01,0.02,0.94,0.83,0.04,0.06,0.89,0.26,1661,14.20,0.59,0.36,127700,8786,2.09,27766,44411,0.13,1655,0.23,644305,361386,601911,31878,39887,13.46,1420.70,49675,73517,69366,4151,5.60,1,0,,1,10,19,7.75,5,1573,6,518,,,39,,14,41,-1,-1,-1,-1
"Mayville","WI","Dodge County
 ",5146,5154,0.00,5154,0.06,0.24,0.17,0.51,0.97,0.00,0.00,0.01,0.00,0.01,0.03,0.96,0.80,0.01,0.02,0.82,0.17,370,23.50,0.72,0.32,138200,2062,2.45,24249,56716,0.07,270,0.25,425581,-1,67174,12667,3831,3.17,1625.40,50200,46954,44093,2861,6.10,0,0,,1,10,19,7.75,5,1573,5,105,,,10,,14,41,-1,-1,-1,-1
"McFarland","WI","Dane County
 ",7937,7808,0.02,7808,0.06,0.27,0.10,0.51,0.94,0.01,0.00,0.02,0.00,0.02,0.02,0.93,0.90,0.04,0.07,0.95,0.44,704,24.00,0.75,0.19,232700,3019,2.54,34883,75259,0.08,909,0.26,-1,104735,50501,6594,9272,3.55,2200.10,46850,300599,288660,11939,4.00,0,0,,1,10,19,7.75,5,1573,2,162,,,14,,14,41,-1,-1,-1,-1
"Menasha","WI","Calumet County
 Winnebago County
 ",17442,17353,0.01,17353,0.07,0.25,0.12,0.51,0.91,0.01,0.01,0.02,0.00,0.02,0.07,0.88,0.90,0.03,0.07,0.91,0.21,1465,18.50,0.67,0.32,119600,7507,2.30,25266,45090,0.15,1097,0.25,947610,45231,119003,7086,19386,6.03,2876.80,50825,27974,26756,1218,4.40,0,0,,1,10,19,7.75,5,1573,51,538,,,31,,14,41,-1,-1,-1,-1
"Menomonee Falls","WI","Waukesha County
 ",35704,35626,0.00,35626,0.06,0.23,0.18,0.52,0.92,0.03,0.00,0.04,-1,0.01,0.02,0.90,0.90,0.05,0.08,0.94,0.39,2599,20.10,0.76,0.25,237500,14532,2.42,35440,71326,0.03,3280,0.25,2070589,884211,573548,16716,39514,32.92,1082.30,51000,213679,203276,10403,4.90,0,0,,1,10,19,7.75,5,1573,16,362,,,58,,14,41,-1,-1,-1,-1
"Menomonie","WI","Dunn County
 ",16301,16264,0.00,16264,0.04,0.13,0.11,0.51,0.92,0.01,0.01,0.04,-1,0.02,0.02,0.91,0.60,0.03,0.07,0.90,0.31,960,16.30,0.45,0.50,145600,5595,2.29,17761,37297,0.31,877,"S",-1,113215,291545,18571,33287,13.69,1188.40,51025,26349,25206,1143,4.30,1,0,,1,10,19,7.75,5,1573,11,361,,,26,,14,41,-1,-1,-1,-1
"Mequon","WI","Ozaukee County
 ",23178,23132,0.00,23132,0.04,0.23,0.17,0.51,0.92,0.03,0.00,0.04,-1,0.01,0.02,0.90,0.91,0.08,0.12,0.98,0.61,1708,22.90,0.89,0.13,365900,8735,2.57,60920,106519,0.03,2842,0.21,734542,461301,252022,10842,49701,46.28,499.80,51150,46876,44683,2193,4.70,1,0,,1,10,19,7.75,5,1573,7,157,,,36,,14,41,-1,-1,-1,-1
"Merrill","WI","Lincoln County
 ",9614,9661,-0.01,9661,0.06,0.24,0.19,0.52,0.96,0.01,0.00,0.01,-1,0.01,0.02,0.95,0.87,0.02,0.03,0.85,0.12,896,21.30,0.57,0.35,88700,4584,2.05,21116,38671,0.15,778,"S",-1,36042,156007,16188,11346,7.24,1334.90,51250,14800,13694,1106,7.50,1,0,,1,10,19,7.75,5,1573,39,341,,,22,,14,41,-1,-1,-1,-1
"Middleton","WI","Dane County
 ",17729,17442,0.02,17442,0.05,0.22,0.12,0.52,0.87,0.04,0.00,0.04,-1,0.03,0.06,0.84,0.83,0.10,0.12,0.96,0.54,981,20.00,0.59,0.49,265900,7859,2.19,39364,60337,0.06,2395,0.26,504538,469751,926020,54996,80326,8.98,1941.70,51575,300599,288660,11939,4.00,0,0,,1,10,19,7.75,5,1573,16,374,,,36,,14,41,-1,-1,-1,-1
"Milton","WI","Rock County
 ",5538,5546,0.00,5546,0.06,0.26,0.13,0.51,0.96,0.01,0.00,0.01,0.00,0.01,0.02,0.95,0.88,0.00,0.02,0.94,0.29,566,26.40,0.69,0.28,143700,2354,2.34,26005,55179,0.06,650,0.41,289890,35564,34619,6057,5912,3.53,1572.40,52200,78353,72822,5531,7.10,0,0,,1,10,19,7.75,5,1573,-1,-1,,,9,,14,41,-1,-1,-1,-1
"Milwaukee","WI","Milwaukee County
 Washington County
 Waukesha County
 ",597867,594832,0.01,594833,0.08,0.27,0.09,0.52,0.45,0.40,0.01,0.04,-1,0.03,0.17,0.37,0.78,0.10,0.19,0.81,0.21,29855,21.70,0.46,0.53,139000,230153,2.51,19111,35851,0.27,31769,0.36,9058917,5599474,4001682,6640,949053,96.12,6188.30,53000,457848,424164,33684,7.40,14,3,20,30,10,19,7.75,5,1573,6584,34791,,,1921,,14,41,-1,26,64,-1
"Monona","WI","Dane County
 ",7658,7533,0.02,7533,0.05,0.17,0.20,0.52,0.93,0.03,0.01,0.01,-1,0.02,0.03,0.91,0.85,0.03,0.06,0.96,0.45,581,18.60,0.61,0.39,217100,3868,1.96,35109,52905,0.08,986,0.18,-1,65161,180699,22503,29155,3.26,2311.40,53675,300599,288660,11939,4.00,0,0,,1,10,19,7.75,5,1573,12,453,,,20,,14,41,-1,-1,-1,-1
"Monroe","WI","Green County
 ",10841,10827,0.00,10827,0.06,0.23,0.19,0.52,0.95,0.01,0.00,0.01,-1,0.01,0.05,0.93,0.87,0.03,0.05,0.87,0.16,806,15.90,0.64,0.29,115800,4936,2.16,26657,40441,0.14,1165,"S",401966,183008,621724,59066,19034,4.83,2243.50,53750,19837,18843,994,5.00,1,0,,1,10,19,7.75,5,1573,20,298,,,25,,14,41,-1,-1,-1,-1
"Mount Horeb","WI","Dane County
 ",7124,7009,0.02,7009,0.08,0.30,0.11,0.52,0.96,0.01,0.00,0.01,-1,0.02,0.02,0.95,0.90,0.03,0.05,0.96,0.36,443,24.30,0.65,0.29,230000,2663,2.55,28853,67063,0.07,"S","S",-1,61720,56095,8299,5953,3.25,2159.30,54725,300599,288660,11939,4.00,0,0,,1,10,19,7.75,5,1573,1,147,,,10,,14,41,-1,-1,-1,-1
"Mount Pleasant","WI","Racine County
 ",26195,26197,0.00,26197,0.05,0.21,0.20,0.52,0.86,0.07,0.00,0.02,-1,0.02,0.08,0.81,0.92,0.04,0.09,0.90,0.27,2178,20.80,0.79,0.31,198400,10867,2.35,31415,59418,0.08,1466,0.18,4040569,113427,393126,15033,56907,33.73,776.70,54875,98507,91569,6938,7.00,0,0,,0,10,19,7.75,5,1573,68,695,,,41,,14,41,-1,-1,-1,-1
"Mukwonago","WI","Walworth County
 Waukesha County
 ",7370,7355,0.00,7355,0.07,0.26,0.12,0.51,0.97,0.00,0.00,0.01,0.00,0.01,0.03,0.95,0.85,0.01,0.03,0.94,0.30,532,23.60,0.69,0.30,227400,2988,2.38,28901,63867,0.07,381,"S",289571,14099,225428,32543,19014,7.90,931.60,55050,56110,52936,3174,5.70,0,0,,1,10,19,7.75,5,1573,5,184,,,14,,14,41,-1,-1,-1,-1
"Muskego","WI","Waukesha County
 ",24187,24135,0.00,24135,0.06,0.25,0.13,0.51,0.97,0.00,0.00,0.01,-1,0.01,0.02,0.96,0.92,0.03,0.05,0.96,0.34,1822,25.70,0.84,0.17,269500,9410,2.53,37876,83994,0.02,1941,0.42,231441,46539,156404,6856,15940,31.60,763.90,55275,213679,203276,10403,4.90,0,0,,1,10,19,7.75,5,1573,10,236,,,36,,14,41,-1,-1,-1,-1
"Neenah","WI","Winnebago County
 ",25615,25503,0.00,25501,0.07,0.25,0.13,0.51,0.94,0.01,0.01,0.01,-1,0.02,0.04,0.92,0.87,0.04,0.06,0.93,0.29,1878,18.70,0.69,0.27,131800,10389,2.42,29294,52085,0.08,1808,0.23,2197171,199398,408761,16391,47321,9.23,2764.00,55750,98136,93030,5106,5.20,1,0,,1,10,19,7.75,5,1573,31,521,,,40,,14,41,-1,-1,-1,-1
"New Berlin","WI","Waukesha County
 ",39669,39584,0.00,39584,0.05,0.21,0.17,0.51,0.93,0.01,0.00,0.04,-1,0.01,0.03,0.92,0.90,0.05,0.07,0.96,0.40,2899,22.80,0.78,0.23,247100,16058,2.46,38089,75297,0.03,3432,0.26,1312845,1404580,515256,13224,48597,36.44,1086.20,56375,213679,203276,10403,4.90,0,0,,1,10,19,7.75,5,1573,26,556,,,71,,14,41,-1,-1,-1,-1
"New London","WI","Outagamie County
 Waupaca County
 ",7335,7295,0.01,7295,0.07,0.26,0.16,0.51,0.93,0.00,0.01,0.01,-1,0.01,0.07,0.91,0.84,0.02,0.06,0.88,0.18,531,20.70,0.61,0.29,115700,3112,2.22,23541,45856,0.08,570,0.20,537897,14814,110074,15863,12313,5.55,1315.10,56925,98862,93777,5085,5.10,1,0,,1,10,19,7.75,5,1573,5,184,,,16,,14,41,-1,-1,-1,-1
"New Richmond","WI","St. Croix County
 ",8432,8375,0.01,8375,0.08,0.26,0.12,0.51,0.96,0.01,0.01,0.01,-1,0.02,0.02,0.94,0.82,0.03,0.03,0.92,0.20,820,21.40,0.59,0.31,163800,3389,2.38,22933,50400,0.14,1149,"S",239338,22208,206661,25663,14372,9.18,912.80,57100,60962,57695,3267,5.40,1,0,,1,10,19,7.75,5,1573,1,279,,,16,,14,41,-1,-1,-1,-1
"North Fond du Lac","WI","Fond du Lac County
 ",5038,5014,0.01,5014,0.06,0.23,0.14,0.51,0.95,0.01,0.00,0.02,-1,0.01,0.04,0.92,0.93,0.02,0.06,0.87,0.13,466,19.20,0.74,0.22,112300,2181,2.26,25276,52091,0.07,-1,-1,-1,-1,-1,-1,-1,2.12,2365.10,58000,55601,52749,2852,5.10,0,0,,1,10,19,7.75,5,1573,5,109,,,12,,14,41,-1,-1,-1,-1
"Oak Creek","WI","Milwaukee County
 ",34626,34452,0.01,34451,0.07,0.24,0.11,0.51,0.88,0.03,0.01,0.05,-1,0.02,0.08,0.83,0.84,0.07,0.11,0.92,0.27,2555,23.80,0.62,0.39,220400,13378,2.51,30235,67384,0.06,2298,0.30,2478622,794409,588590,17710,50260,28.45,1211.00,58800,457848,424164,33684,7.40,0,0,,1,10,19,7.75,5,1573,27,1122,,,58,,14,41,-1,-1,-1,-1
"Oconomowoc","WI","Waukesha County
 ",15792,15759,0.00,15759,0.07,0.26,0.15,0.52,0.96,0.01,0.00,0.01,-1,0.01,0.04,0.94,0.89,0.02,0.04,0.96,0.36,1241,24.30,0.77,0.23,238700,6019,2.54,33686,71652,0.04,1980,0.19,564518,48719,281523,19607,30358,11.54,1365.40,59250,213679,203276,10403,4.90,2,0,,1,10,19,7.75,5,1573,9,184,,,22,,14,41,-1,-1,-1,-1
"Onalaska","WI","La Crosse County
 ",17899,17748,0.01,17736,0.07,0.25,0.15,0.52,0.91,0.01,0.00,0.06,-1,0.02,0.02,0.90,0.86,0.04,0.07,0.95,0.35,1552,18.40,0.64,0.29,166400,7152,2.42,30945,57377,0.07,1745,0.28,-1,34979,534394,32183,44156,10.13,1751.70,59925,67278,64330,2948,4.40,0,0,,1,10,19,7.75,5,1573,19,550,,,26,,14,41,-1,-1,-1,-1
"Oregon","WI","Dane County
 ",9382,9231,0.02,9231,0.07,0.29,0.10,0.52,0.95,0.01,0.00,0.01,0.00,0.02,0.02,0.94,0.86,0.02,0.02,0.97,0.39,681,23.30,0.72,0.23,228700,3566,2.53,35809,78475,0.04,738,0.17,-1,8910,62664,6816,6893,4.42,2089.40,60200,300599,288660,11939,4.00,0,0,,1,10,19,7.75,5,1573,8,184,,,15,,14,41,-1,-1,-1,-1
"Oshkosh","WI","Winnebago County
 ",66344,66083,0.00,66083,0.06,0.19,0.13,0.49,0.91,0.03,0.01,0.03,-1,0.02,0.03,0.89,0.79,0.04,0.06,0.87,0.23,5306,16.60,0.58,0.38,117100,25060,2.29,21651,43203,0.16,3676,0.20,3869065,600739,1021034,15965,125175,25.59,2582.30,60500,98136,93030,5106,5.20,0,0,,2,10,19,7.75,5,1573,250,2112,,,99,,14,41,-1,-1,-1,-1
"Pewaukee","WI","Waukesha County
 ",13224,13195,0.00,13195,0.05,0.22,0.16,0.51,0.94,0.01,0.00,0.03,-1,0.01,0.02,0.93,0.88,0.04,0.07,0.97,0.46,1018,22.50,0.83,0.23,280900,5076,2.56,40055,83144,0.02,2044,"S",453539,830247,117175,9470,21837,19.50,676.50,62240,213679,203276,10403,4.90,0,0,,1,10,19,7.75,5,1573,6,114,,,25,,14,41,-1,-1,-1,-1
"Pewaukee","WI","Waukesha County
 ",8183,8166,0.00,8166,0.06,0.21,0.16,0.53,0.92,0.01,0.00,0.04,0.00,0.01,0.04,0.90,0.84,0.03,0.06,0.97,0.40,643,21.40,0.60,0.53,195000,4067,1.97,35624,61235,0.06,919,0.27,264248,228876,182959,20597,45116,4.13,1977.70,62250,213679,203276,10403,4.90,0,0,,0,10,19,7.75,5,1573,6,114,,,25,,14,41,-1,-1,-1,-1
"Platteville","WI","Grant County
 ",11226,11224,0.00,11224,0.03,0.11,0.11,0.44,0.95,0.02,0.00,0.02,0.00,0.01,0.02,0.94,0.56,0.01,0.03,0.94,0.35,513,18.00,0.47,0.41,150600,3539,2.37,15133,38582,0.31,688,"S",-1,12032,184622,18507,18475,5.45,2057.90,63250,28760,27538,1222,4.20,1,0,,1,10,19,7.75,5,1573,5,153,,,20,,14,41,-1,-1,-1,-1
"Pleasant Prairie","WI","Kenosha County
 ",19822,19719,0.01,19719,0.05,0.26,0.13,0.51,0.91,0.03,0.00,0.02,0.00,0.02,0.07,0.88,0.91,0.03,0.07,0.91,0.35,1532,28.70,0.81,0.17,232700,7043,2.72,34464,75063,0.03,1308,0.28,1041093,901753,317964,16322,27329,33.33,591.70,63300,86856,80216,6640,7.60,0,0,,0,10,19,7.75,5,1573,16,406,,,28,,14,41,-1,-1,-1,-1
"Plover","WI","Portage County
 ",12135,12123,0.00,12123,0.07,0.25,0.11,0.51,0.93,0.01,0.00,0.04,-1,0.02,0.03,0.91,0.83,0.05,0.08,0.90,0.31,776,17.20,0.63,0.29,156100,4650,2.55,27545,59656,0.07,914,0.17,532757,86375,317953,27194,21451,10.35,1171.40,63525,43468,41296,2172,5.00,0,0,,0,10,19,7.75,5,1573,13,225,,,19,,14,41,-1,-1,-1,-1
"Plymouth","WI","Sheboygan County
 ",8419,8445,0.00,8445,0.07,0.24,0.17,0.52,0.96,0.00,0.00,0.01,0.00,0.01,0.02,0.95,0.83,0.05,0.07,0.90,0.26,624,19.50,0.59,0.40,158100,3798,2.19,25883,47097,0.14,592,0.18,1459099,89104,126329,15305,11758,5.26,1605.20,63700,60962,57695,3267,5.40,1,0,,1,10,19,7.75,5,1573,14,220,,,16,,14,41,-1,-1,-1,-1
"Port Washington","WI","Ozaukee County
 ",11272,11250,0.00,11250,0.07,0.22,0.15,0.51,0.95,0.02,0.00,0.01,-1,0.01,0.03,0.93,0.82,0.04,0.05,0.93,0.29,923,22.30,0.64,0.38,196500,4570,2.37,28933,56713,0.09,917,0.19,763182,30406,55785,5061,19030,5.82,1934.30,64450,46876,44683,2193,4.70,0,0,,1,10,19,7.75,5,1573,3,163,,,19,,14,41,-1,-1,-1,-1
"Portage","WI","Columbia County
 ",10336,10324,0.00,10324,0.06,0.22,0.14,0.46,0.91,0.05,0.01,0.01,-1,0.02,0.04,0.88,0.72,0.02,0.05,0.88,0.19,853,25.90,0.53,0.36,132600,4044,2.35,21169,43428,0.16,832,0.15,612667,53377,306837,31419,23871,8.83,1169.90,64100,32020,30342,1678,5.20,0,0,,1,10,19,7.75,5,1573,-1,-1,,,22,,14,41,-1,-1,-1,-1
"Prairie du Chien","WI","Crawford County
 ",5933,5911,0.00,5911,0.05,0.22,0.18,0.48,0.94,0.05,0.00,0.00,0.00,0.01,0.01,0.93,0.80,0.02,0.04,0.90,0.14,563,15.00,0.64,0.26,101700,2349,2.23,20858,36578,0.13,650,"S",-1,87280,99684,17373,16829,5.63,1050.50,65050,9103,8594,509,5.60,0,0,,1,10,19,7.75,5,1573,-1,-1,,,13,,14,41,-1,-1,-1,-1
"Racine","WI","Racine County
 ",78853,78860,0.00,78860,0.08,0.28,0.11,0.51,0.62,0.23,0.01,0.01,-1,0.04,0.21,0.54,0.85,0.08,0.15,0.82,0.16,5414,21.00,0.56,0.38,128900,31387,2.48,20246,39059,0.19,4323,0.35,2174135,278000,710525,8647,-1,15.48,5094.00,66000,98507,91569,6938,7.00,2,0,,1,10,19,7.75,5,1573,448,3521,,,199,,14,41,-1,-1,-1,-1
"Reedsburg","WI","Sauk County
 ",9246,9200,0.01,9200,0.08,0.27,0.15,0.52,0.95,0.01,0.01,0.00,0.00,0.01,0.04,0.93,0.88,0.05,0.07,0.89,0.14,589,19.00,0.69,0.26,128200,3785,2.37,21739,42813,0.12,838,"S",667234,103196,143660,16777,13007,5.83,1578.00,66800,6574,6110,464,7.10,1,0,,1,10,19,7.75,5,1573,12,154,,,20,,14,41,-1,-1,-1,-1
"Rhinelander","WI","Oneida County
 ",7756,7798,-0.01,7798,0.06,0.21,0.19,0.53,0.95,0.01,0.01,0.01,-1,0.02,0.01,0.94,0.74,0.01,0.04,0.90,0.13,820,10.30,0.55,0.36,98700,3601,2.02,20680,34931,0.19,966,0.21,347955,73493,628715,82003,25829,8.34,935.10,67200,18679,17415,1264,6.80,1,0,,1,10,19,7.75,5,1573,7,340,,,17,,14,41,-1,-1,-1,-1
"Rib Mountain ","WI","Marathon County
 ",-1,-1,-1,5651,0.05,0.22,0.17,0.50,0.93,0.00,0.00,0.06,0.00,0.01,0.01,0.92,0.94,0.04,0.06,0.92,0.31,493,15.50,0.90,0.05,158200,2118,2.71,32822,72911,0.05,-1,-1,-1,-1,-1,-1,-1,12.01,470.50,67320,73517,69366,4151,5.60,0,0,,0,10,19,7.75,5,1573,-1,-1,,,-1,,14,41,-1,-1,-1,-1
"Rice Lake","WI","Barron County
 ",8441,8438,0.00,8438,0.06,0.21,0.21,0.53,0.96,0.00,0.01,0.01,-1,0.01,0.02,0.95,0.81,0.02,0.04,0.89,0.21,899,13.40,0.60,0.34,123600,3945,2.09,23973,37981,0.12,1035,"S",423249,70668,441576,53279,28143,8.60,980.70,67350,24235,22808,1427,5.90,1,0,,1,10,19,7.75,5,1573,21,368,,,18,,14,41,-1,-1,-1,-1
"Richfield","WI","Washington County
 ",11342,11300,0.00,11300,0.05,0.24,0.13,0.49,0.97,0.01,0.00,0.01,-1,0.01,0.01,0.96,0.98,0.04,0.07,0.95,0.33,661,25.30,0.98,0.01,297300,4242,2.66,40023,87151,0.02,914,"S",-1,26627,114943,10410,9580,35.91,314.70,67475,73756,69936,3820,5.20,0,0,,0,10,19,7.75,5,1573,-1,-1,,,-1,,14,41,-1,-1,-1,-1
"Richland Center","WI","Richland County
 ",5182,5193,0.00,5184,0.07,0.22,0.20,0.54,0.96,0.01,0.00,0.01,0.00,0.01,0.03,0.94,0.75,0.03,0.06,0.91,0.17,357,15.20,0.61,0.32,99700,2409,2.11,20937,36489,0.11,461,"S",-1,-1,155390,30367,13272,4.28,1212.30,67625,9854,9385,469,4.80,1,0,,1,10,19,7.75,5,1573,6,124,,,11,,14,41,-1,-1,-1,-1
"Ripon","WI","Fond du Lac County
 ",7763,7733,0.00,7733,0.05,0.20,0.17,0.53,0.95,0.01,0.00,0.01,-1,0.01,0.05,0.93,0.80,0.06,0.08,0.87,0.22,635,15.10,0.60,0.35,120100,3116,2.29,21879,43967,0.16,394,0.36,-1,-1,114856,15521,15899,4.97,1555.00,68175,55601,52749,2852,5.10,1,0,,1,10,19,7.75,5,1573,7,123,,,14,,14,41,-1,-1,-1,-1
"River Falls","WI","Pierce County
 St. Croix County
 ",14889,15003,-0.01,15000,0.05,0.17,0.08,0.53,0.95,0.01,0.00,0.02,-1,0.02,0.02,0.94,0.66,0.02,0.05,0.95,0.43,890,24.50,0.58,0.33,184000,5304,2.32,22658,49217,0.17,1106,0.30,87865,-1,118389,8352,22740,6.52,2300.30,68275,24176,23153,1023,4.20,1,0,,1,10,19,7.75,5,1573,35,374,,,22,,14,41,-1,-1,-1,-1
"Rothschild","WI","Marathon County
 ",5283,5269,0.00,5269,0.06,0.22,0.16,0.51,0.94,0.01,0.00,0.04,-1,0.01,0.01,0.93,0.91,0.03,0.07,0.93,0.28,485,17.90,0.79,0.22,135000,2210,2.35,30254,58372,0.04,358,0.32,385220,91736,103729,19491,15453,6.53,806.50,69725,73517,69366,4151,5.60,0,0,,1,10,19,7.75,5,1573,1,148,,,10,,14,41,-1,-1,-1,-1
"Shawano","WI","Shawano County
 ",9263,9305,-0.01,9305,0.07,0.23,0.20,0.53,0.82,0.01,0.12,0.00,0.00,0.03,0.03,0.82,0.79,0.01,0.04,0.89,0.20,870,18.10,0.56,0.38,99900,4037,2.17,21763,37686,0.12,1007,"S",263058,202753,287106,32299,20662,6.57,1416.10,72925,21801,20440,1361,6.20,1,0,,1,10,19,7.75,5,1573,27,389,,,19,,14,41,-1,-1,-1,-1
"Sheboygan","WI","Sheboygan County
 ",49135,49288,0.00,49288,0.08,0.25,0.14,0.51,0.83,0.02,0.01,0.09,-1,0.03,0.10,0.77,0.85,0.09,0.16,0.88,0.19,3814,16.90,0.64,0.39,118000,20301,2.39,21759,43203,0.12,2996,0.18,2059084,273401,714760,14928,85607,13.97,3527.10,72975,60962,57695,3267,5.40,2,0,,2,10,19,7.75,5,1573,99,1900,,,81,,14,41,-1,-1,-1,-1
"Sheboygan Falls","WI","Sheboygan County
 ",7750,7775,0.00,7775,0.06,0.22,0.18,0.52,0.96,0.01,0.00,0.01,0.00,0.01,0.03,0.95,0.91,0.01,0.05,0.93,0.24,841,14.10,0.70,0.29,140800,3383,2.23,27088,54831,0.07,418,"S",1006521,71361,60939,7942,6274,5.28,1473.40,73025,60962,57695,3267,5.40,0,0,,1,10,19,7.75,5,1573,2,129,,,14,,14,41,-1,-1,-1,-1
"Shorewood","WI","Milwaukee County
 ",13228,13162,0.01,13162,0.05,0.19,0.13,0.53,0.88,0.03,0.00,0.06,-1,0.02,0.03,0.86,0.80,0.12,0.13,0.97,0.67,710,19.90,0.49,0.57,298200,6260,2.10,41219,62926,0.10,1594,"S",-1,-1,122433,9268,19015,1.59,8278.00,73725,457848,424164,33684,7.40,0,0,,1,10,19,7.75,5,1573,11,454,,,25,,14,41,-1,-1,-1,-1
"Slinger","WI","Washington County
 ",5088,5068,0.00,5068,0.08,0.26,0.10,0.51,0.97,0.01,0.00,0.01,-1,0.01,0.02,0.95,0.96,0.02,0.01,0.95,0.27,336,22.10,0.77,0.26,214100,1980,2.49,31211,62063,0.05,-1,-1,-1,-1,-1,-1,-1,5.29,958.00,74400,73756,69936,3820,5.20,0,0,,1,10,19,7.75,5,1573,4,115,,,9,,14,41,-1,-1,-1,-1
"South Milwaukee","WI","Milwaukee County
 ",21262,21155,0.01,21156,0.06,0.22,0.16,0.51,0.92,0.02,0.01,0.01,-1,0.02,0.08,0.87,0.88,0.06,0.11,0.88,0.18,1596,22.20,0.64,0.39,170300,8520,2.44,25978,54679,0.09,1251,0.34,852645,6675,64703,3069,11807,4.80,4408.40,75125,457848,424164,33684,7.40,0,0,,1,10,19,7.75,5,1573,27,500,,,33,,14,41,-1,-1,-1,-1
"Sparta","WI","Monroe County
 ",9602,9522,0.01,9522,0.08,0.25,0.15,0.51,0.92,0.02,0.01,0.01,0.00,0.02,0.07,0.90,0.82,0.05,0.08,0.85,0.14,1088,18.50,0.56,0.28,99500,3970,2.32,19778,38665,0.16,660,0.24,-1,168097,161980,18036,22916,6.54,1457.10,75325,24202,22877,1325,5.50,1,0,,1,10,19,7.75,5,1573,-1,-1,,,18,,14,41,-1,-1,-1,-1
"St. Francis","WI","Milwaukee County
 ",9411,9365,0.01,9365,0.05,0.16,0.18,0.51,0.89,0.03,0.01,0.02,-1,0.03,0.09,0.84,0.81,0.09,0.14,0.84,0.26,777,20.50,0.52,0.55,164400,4388,2.06,27639,43500,0.10,501,0.13,244448,12461,42953,4418,7675,2.55,3675.40,70650,457848,424164,33684,7.40,0,0,,1,10,19,7.75,5,1573,14,271,,,21,,14,41,-1,-1,-1,-1
"Stevens Point","WI","Portage County
 ",26741,26717,0.00,26717,0.05,0.16,0.12,0.51,0.92,0.01,0.00,0.05,-1,0.02,0.03,0.90,0.67,0.04,0.08,0.93,0.31,1747,16.10,0.50,0.41,115300,10940,2.15,21893,39373,0.23,2052,0.30,539815,380596,530449,20970,61005,15.96,1674.00,77200,43468,41296,2172,5.00,0,0,,1,10,19,7.75,5,1573,34,706,,,44,,14,41,-1,-1,-1,-1
"Stoughton","WI","Dane County
 ",12817,12611,0.02,12611,0.06,0.25,0.15,0.53,0.95,0.01,0.00,0.01,-1,0.02,0.02,0.94,0.84,0.04,0.05,0.89,0.30,966,21.70,0.63,0.36,194400,5281,2.34,27845,60206,0.11,1320,"S",361574,19381,146336,11379,13822,4.92,2564.30,77675,300599,288660,11939,4.00,0,0,,1,10,19,7.75,5,1573,10,214,,,20,,14,41,-1,-1,-1,-1
"Sturgeon Bay","WI","Door County
 ",9156,9144,0.00,9144,0.06,0.20,0.19,0.52,0.95,0.01,0.01,0.01,-1,0.01,0.03,0.94,0.86,0.02,0.03,0.94,0.22,729,18.10,0.57,0.32,140900,4716,1.89,28287,43112,0.13,1374,0.23,405001,-1,263657,29433,33456,9.82,931.00,77875,17032,15972,1060,6.20,1,0,,2,10,19,7.75,5,1573,7,134,,,21,,14,41,-1,-1,-1,-1
"Sturtevant","WI","Racine County
 ",6970,6970,0.00,6970,0.05,0.18,0.09,0.38,0.79,0.16,0.01,0.01,-1,0.02,0.06,0.75,0.73,0.05,0.10,0.86,0.11,473,26.10,0.71,0.29,159100,2037,2.36,20764,51436,0.05,600,0.22,327308,461833,259631,38855,6796,4.19,1662.30,77925,98507,91569,6938,7.00,0,0,,0,10,19,7.75,5,1573,6,78,,,9,,14,41,-1,-1,-1,-1
"Suamico","WI","Brown County
 ",11481,11346,0.01,11346,0.06,0.28,0.08,0.49,0.97,0.00,0.01,0.01,-1,0.01,0.01,0.97,0.94,0.01,0.03,0.96,0.30,599,21.30,0.88,0.12,222700,4007,2.76,35450,83393,0.02,880,"S",-1,-1,46454,4238,7161,36.36,312.00,77975,141421,134016,7405,5.20,0,0,,0,10,19,7.75,5,1573,-1,-1,,,-1,,14,41,-1,-1,-1,-1
"Sun Prairie","WI","Dane County
 ",29849,29364,0.02,29364,0.09,0.28,0.09,0.52,0.85,0.06,0.00,0.04,-1,0.03,0.04,0.83,0.85,0.04,0.07,0.94,0.40,2238,22.40,0.63,0.33,212500,11508,2.46,32091,66395,0.08,2003,0.26,281658,271204,293264,10579,27843,12.23,2401.40,78600,300599,288660,11939,4.00,0,0,,1,10,19,7.75,5,1573,41,738,,,50,,14,41,-1,-1,-1,-1
"Superior","WI","Douglas County
 ",27211,27244,0.00,27244,0.07,0.21,0.14,0.51,0.92,0.01,0.03,0.01,-1,0.03,0.01,0.91,0.82,0.02,0.04,0.91,0.22,2215,15.00,0.57,0.34,118200,12321,2.11,24028,40146,0.15,1820,0.18,-1,-1,468010,17549,64858,36.96,737.10,78650,22853,21624,1229,5.40,1,0,,1,10,19,7.75,5,1573,72,1396,,,57,,14,41,-1,-1,-1,-1
"Sussex","WI","Waukesha County
 ",10542,10518,0.00,10518,0.07,0.28,0.10,0.51,0.95,0.01,0.00,0.02,0.00,0.01,0.02,0.94,0.84,0.04,0.05,0.94,0.36,590,22.50,0.67,0.34,273300,3919,2.64,31569,71906,0.05,864,"S",667200,255795,119113,11781,8938,7.57,1388.90,78750,213679,203276,10403,4.90,0,0,,1,10,19,7.75,5,1573,-1,-1,,,-1,,14,41,-1,-1,-1,-1
"Tichigan ","WI","Racine County
 ",-1,-1,-1,5133,0.04,0.26,0.09,0.48,0.98,0.00,0.00,0.01,0.00,0.01,0.02,0.96,0.93,0.01,0.04,0.96,0.34,319,31.70,0.92,0.02,268500,2008,2.60,33906,77188,0.01,-1,-1,-1,-1,-1,-1,-1,11.23,457.30,79740,98507,91569,6938,7.00,0,0,,0,10,19,7.75,5,1573,-1,-1,,,-1,,14,41,-1,-1,-1,-1
"Tomah","WI","Monroe County
 ",9169,9093,0.01,9093,0.07,0.25,0.15,0.50,0.91,0.03,0.02,0.01,0.00,0.02,0.04,0.89,0.74,0.02,0.03,0.93,0.20,1439,15.70,0.54,0.36,110500,3931,2.25,23042,38844,0.22,718,"S",548062,-1,220831,25342,31765,7.46,1218.20,80075,24202,22877,1325,5.50,2,0,,1,10,19,7.75,5,1573,24,297,,,19,,14,41,-1,-1,-1,-1
"Twin Lakes","WI","Kenosha County
 ",6021,5989,0.01,5989,0.07,0.25,0.11,0.50,0.96,0.01,0.00,0.00,0.00,0.01,0.05,0.93,0.85,0.01,0.03,0.92,0.24,393,34.40,0.72,0.17,190100,2485,2.38,30077,62396,0.08,"S","S",-1,-1,40177,7181,3789,8.18,732.30,81250,86856,80216,6640,7.60,0,0,,1,10,19,7.75,5,1573,5,135,,,13,,14,41,-1,-1,-1,-1
"Two Rivers","WI","Manitowoc County
 ",11644,11712,-0.01,11712,0.06,0.22,0.19,0.51,0.95,0.01,0.01,0.02,0.00,0.01,0.02,0.94,0.91,0.02,0.03,0.90,0.17,1203,18.70,0.76,0.21,98900,5121,2.28,23992,47714,0.13,530,0.32,286596,18812,106668,9060,10888,6.09,1923.50,81325,43874,41115,2759,6.30,1,0,,1,10,19,7.75,5,1573,21,132,,,26,,14,41,-1,-1,-1,-1
"Verona","WI","Dane County
 ",10796,10621,0.02,10619,0.07,0.29,0.10,0.52,0.93,0.01,0.00,0.03,-1,0.02,0.02,0.92,0.87,0.06,0.10,0.98,0.46,636,20.70,0.73,0.21,243700,4157,2.44,36256,82008,0.03,1455,0.29,126882,111413,94428,8790,16709,6.30,1684.50,82600,300599,288660,11939,4.00,0,0,,1,10,19,7.75,5,1573,16,195,,,17,,14,41,-1,-1,-1,-1
"Waterford","WI","Racine County
 ",5367,5368,0.00,5368,0.06,0.27,0.15,0.52,0.97,0.00,0.00,0.01,-1,0.01,0.03,0.95,0.89,0.02,0.04,0.93,0.22,332,26.00,0.67,0.31,207600,2022,2.59,27345,60114,0.09,-1,-1,-1,-1,-1,-1,-1,2.58,2077.40,83825,98507,91569,6938,7.00,0,0,,1,10,19,7.75,5,1573,-1,-1,,,-1,,14,41,-1,-1,-1,-1
"Watertown","WI","Dodge County
 Jefferson County
 ",23895,23861,0.00,23861,0.07,0.26,0.15,0.52,0.94,0.01,0.00,0.01,-1,0.01,0.07,0.90,0.85,0.04,0.07,0.88,0.21,2106,21.10,0.65,0.30,164500,8869,2.56,22782,51495,0.11,1721,"S",546383,73885,303860,13186,29432,12.11,1970.00,83975,46954,44093,2861,6.10,1,0,,1,10,19,7.75,5,1573,90,426,,,38,,14,41,-1,-1,-1,-1
"Waukesha","WI","Waukesha County
 ",70867,70718,0.00,70718,0.07,0.24,0.11,0.51,0.88,0.02,0.00,0.04,-1,0.02,0.12,0.80,0.83,0.07,0.12,0.92,0.33,4213,22.20,0.60,0.39,204700,28520,2.38,28106,57001,0.11,4777,0.22,7548736,1260981,1248123,18487,100213,24.81,2850.60,84250,213679,203276,10403,4.90,1,0,,2,10,19,7.75,5,1573,109,1163,,,116,,14,41,-1,-1,-1,-1
"Waunakee","WI","Dane County
 ",12295,12097,0.02,12097,0.07,0.32,0.10,0.51,0.96,0.01,0.00,0.01,-1,0.01,0.02,0.94,0.90,0.03,0.06,0.96,0.47,767,20.30,0.77,0.21,309700,4375,2.68,37073,82099,0.03,1163,0.20,357826,215347,83585,7572,11004,6.38,1895.80,84350,300599,288660,11939,4.00,0,0,,1,10,19,7.75,5,1573,12,112,,,16,,14,41,-1,-1,-1,-1
"Waupaca","WI","Waupaca County
 ",6099,6069,0.01,6069,0.06,0.22,0.20,0.53,0.97,0.01,0.01,0.00,0.00,0.01,0.02,0.95,0.82,0.01,0.02,0.85,0.13,526,16.10,0.48,0.45,107700,2779,2.03,20396,32256,0.21,673,0.09,-1,38121,187831,32157,19370,7.82,776.10,84375,27698,26073,1625,5.90,1,0,,1,10,19,7.75,5,1573,17,206,,,14,,14,41,-1,-1,-1,-1
"Waupun","WI","Dodge County
 Fond du Lac County
 ",11350,11340,0.00,11340,0.05,0.18,0.13,0.39,0.85,0.12,0.01,0.00,0.00,0.01,0.02,0.84,0.77,0.02,0.06,0.81,0.09,844,20.70,0.66,0.30,121200,3775,2.22,18988,42052,0.10,736,0.20,-1,-1,94761,8963,7188,4.39,2584.30,84425,46954,44093,2861,6.10,1,0,,1,10,19,7.75,5,1573,13,268,,,18,,14,41,-1,-1,-1,-1
"Wausau","WI","Marathon County
 ",39213,39116,0.00,39106,0.07,0.24,0.16,0.51,0.84,0.01,0.01,0.11,-1,0.02,0.03,0.82,0.80,0.08,0.14,0.86,0.24,3179,15.30,0.59,0.35,114700,16600,2.28,23785,41168,0.17,3361,0.24,1578973,434354,969051,25496,82093,18.78,2082.50,84475,73517,69366,4151,5.60,2,0,,2,10,19,7.75,5,1573,128,995,,,70,,14,41,-1,-1,-1,-1
"Wauwatosa","WI","Milwaukee County
 ",46629,46396,0.01,46396,0.06,0.22,0.17,0.53,0.90,0.05,0.00,0.03,0.00,0.02,0.03,0.88,0.88,0.04,0.06,0.96,0.52,3208,19.30,0.66,0.37,229300,19791,2.30,36775,67133,0.05,4678,0.27,1286365,1481939,1018722,22621,133272,13.25,3502.90,84675,457848,424164,33684,7.40,1,0,,1,10,19,7.75,5,1573,88,1820,,,94,,14,41,-1,-1,-1,-1
"West Allis","WI","Milwaukee County
 ",60714,60411,0.01,60411,0.07,0.21,0.15,0.51,0.87,0.04,0.01,0.02,-1,0.03,0.10,0.82,0.86,0.05,0.08,0.90,0.20,4971,20.80,0.58,0.44,159300,27325,2.17,24715,44200,0.13,4131,0.25,753063,1003783,1386544,23359,-1,11.39,5306.20,85300,457848,424164,33684,7.40,1,0,,1,10,19,7.75,5,1573,206,3082,,,132,,14,41,-1,-1,-1,-1
"West Bend","WI","Washington County
 ",31195,31078,0.00,31078,0.07,0.25,0.15,0.52,0.95,0.01,0.00,0.01,-1,0.02,0.04,0.93,0.86,0.03,0.05,0.91,0.23,2522,23.20,0.65,0.39,179300,13224,2.30,27164,53164,0.08,2533,0.13,522830,102585,633798,21295,50176,14.57,2133.70,85350,73756,69936,3820,5.20,1,0,,1,10,19,7.75,5,1573,34,804,,,56,,14,41,-1,-1,-1,-1
"Weston","WI","Marathon County
 ",14904,14868,0.00,14868,0.08,0.27,0.12,0.51,0.88,0.01,0.00,0.09,-1,0.02,0.02,0.87,0.86,0.06,0.12,0.90,0.21,1164,18.30,0.65,0.28,143200,5796,2.49,29082,55636,0.06,661,"S",200091,199921,158002,11739,12598,21.55,690.00,86025,73517,69366,4151,5.60,0,0,,0,10,19,7.75,5,1573,-1,-1,,,-1,,14,41,-1,-1,-1,-1
"Whitefish Bay","WI","Milwaukee County
 ",14182,14110,0.01,14110,0.07,0.30,0.11,0.52,0.92,0.02,0.00,0.04,0.00,0.02,0.03,0.90,0.89,0.06,0.08,0.99,0.79,640,21.70,0.85,0.14,325200,5372,2.61,54682,108162,0.02,1182,0.31,-1,5599,66580,4887,8148,2.13,6640.00,86700,457848,424164,33684,7.40,0,0,,1,10,19,7.75,5,1573,2,214,,,24,,14,41,-1,-1,-1,-1
"Whitewater","WI","Jefferson County
 Walworth County
 ",14769,14390,0.03,14390,0.04,0.12,0.08,0.49,0.88,0.04,0.00,0.02,0.00,0.02,0.10,0.84,0.61,0.06,0.10,0.89,0.31,1022,16.90,0.41,0.53,171100,5159,2.19,18030,28874,0.33,703,0.43,516517,-1,115804,8406,22786,8.76,1643.40,86925,41723,39291,2432,5.80,0,0,,1,10,19,7.75,5,1573,18,363,,,24,,14,41,-1,-1,-1,-1
"Wind Lake ","WI","Racine County
 ",-1,-1,-1,5342,0.05,0.24,0.11,0.49,0.97,0.00,0.00,0.01,0.00,0.01,0.03,0.95,0.93,0.01,0.02,0.95,0.24,450,28.60,0.85,0.05,254300,1889,2.76,35948,88799,0.03,-1,-1,-1,-1,-1,-1,-1,5.41,986.90,87675,98507,91569,6938,7.00,0,0,,0,10,19,7.75,5,1573,-1,-1,,,-1,,14,41,-1,-1,-1,-1
"Wisconsin Rapids","WI","Wood County
 ",18377,18367,0.00,18367,0.07,0.23,0.20,0.52,0.92,0.01,0.01,0.04,-1,0.02,0.03,0.91,0.86,0.04,0.07,0.88,0.12,1690,17.30,0.65,0.26,87100,8480,2.12,20626,36722,0.16,1538,"S",730545,463538,382734,21912,36166,13.82,1328.70,88200,41272,39035,2237,5.40,1,0,,1,10,19,7.75,5,1573,14,956,,,37,,14,41,-1,-1,-1,-1
"Beckley","WV","Raleigh County
 ",17675,17614,0.00,17614,0.06,0.20,0.18,0.53,0.72,0.21,0.00,0.02,-1,0.03,0.02,0.72,0.84,0.04,0.06,0.85,0.23,1715,19.00,0.63,0.21,97200,7384,2.29,22589,32938,0.23,2111,0.25,-1,163315,589465,35499,85605,9.49,1856.10,5332,33387,31100,2287,6.80,3,0,4,1,1,1,6.5,6,683,188,1356,,,48,,13,12,-1,-1,-1,-1
"Bluefield","WV","Mercer County
 ",10482,10447,0.00,10447,0.06,0.21,0.19,0.53,0.74,0.23,0.00,0.01,0.00,0.02,0.01,0.73,0.84,0.02,0.03,0.90,0.24,1243,16.60,0.67,0.17,73700,4726,2.18,21731,31234,0.23,1213,0.35,-1,107701,222592,20203,16875,8.86,1179.70,8524,24198,22616,1582,6.50,2,0,,1,1,1,6.5,6,683,56,302,,,21,,13,12,-1,-1,-1,-1
"Bridgeport","WV","Harrison County
 ",8200,8160,0.01,8149,0.05,0.22,0.19,0.52,0.96,0.01,0.00,0.02,0.00,0.01,0.02,0.94,0.89,0.02,0.03,0.95,0.40,778,22.50,0.75,0.19,190400,3356,2.37,36504,72721,0.04,1684,0.22,-1,62589,350497,45319,42610,10.52,775.00,10180,31283,29463,1820,5.80,0,0,,1,1,1,6.5,6,683,13,308,,,25,,13,12,-1,-1,-1,-1
"Brookhaven ","WV","Monongalia County
 ",-1,-1,-1,5171,0.06,0.23,0.11,0.51,0.96,0.02,-1,0.01,0.00,0.02,0.01,0.95,0.96,0.02,0.03,0.84,0.26,302,22.70,0.81,0.16,152500,1894,2.80,23717,52788,0.12,-1,-1,-1,-1,-1,-1,-1,9.23,560.40,10420,51962,49708,2254,4.30,0,0,,0,1,1,6.5,6,683,-1,-1,,,-1,,13,12,-1,-1,-1,-1
"Buckhannon","WV","Upshur County
 ",5649,5635,0.00,5639,0.05,0.16,0.17,0.53,0.95,0.02,0.00,0.01,0.00,0.02,0.03,0.93,0.70,0.01,0.03,0.80,0.25,395,17.80,0.55,0.21,103500,1797,2.34,18647,35473,0.23,1404,0.25,141893,-1,180017,32724,18594,2.83,1991.90,11188,10689,10015,674,6.30,0,0,1,2,1,1,6.5,6,683,5,74,,,10,,13,12,-1,-1,-1,-1
"Charles Town","WV","Jefferson County
 ",5337,5264,0.01,5259,0.08,0.27,0.12,0.51,0.77,0.13,0.00,0.02,0.00,0.04,0.09,0.72,0.86,0.02,0.05,0.86,0.30,467,36.50,0.62,0.23,232600,2063,2.46,28041,62402,0.07,-1,-1,-1,-1,-1,-1,-1,5.81,905.80,14610,25039,23909,1130,4.50,0,0,1,0,1,1,6.5,6,683,8,111,,,15,,13,12,-1,-1,-1,-1
"Charleston","WV","Kanawha County
 ",51177,51371,0.00,51400,0.06,0.20,0.16,0.52,0.78,0.16,0.00,0.02,-1,0.03,0.01,0.78,0.84,0.03,0.04,0.90,0.38,4299,16.90,0.61,0.30,136600,23907,2.08,35191,46004,0.16,5533,0.28,-1,782807,1006077,20019,190798,31.52,1630.70,14600,89874,84398,5476,6.10,4,0,6,3,1,1,6.5,6,683,535,2625,,,179,,13,12,-1,-1,-1,-1
"Cheat Lake ","WV","Monongalia County
 ",-1,-1,-1,7988,0.06,0.25,0.12,0.52,0.95,0.02,0.00,0.02,0.00,0.01,0.02,0.94,0.90,0.02,0.03,0.94,0.46,684,22.30,0.80,0.09,254900,3030,2.70,38883,73387,0.10,"S","S",-1,-1,4028,-1,-1,14.31,558.30,14775,51962,49708,2254,4.30,0,0,,0,1,1,6.5,6,683,-1,-1,,,-1,,13,12,-1,-1,-1,-1
"Clarksburg","WV","Harrison County
 ",16649,16570,0.01,16578,0.07,0.22,0.16,0.52,0.93,0.04,0.00,0.00,-1,0.02,0.02,0.92,0.85,0.01,0.02,0.83,0.17,1540,18.00,0.61,0.24,79000,6815,2.38,18138,33618,0.25,1877,0.29,-1,129139,572246,35193,52761,9.75,1701.20,15628,31283,29463,1820,5.80,2,0,,1,1,1,6.5,6,683,107,875,,,40,,13,12,-1,-1,-1,-1
"Cross Lanes ","WV","Kanawha County
 ",-1,-1,-1,9995,0.06,0.21,0.14,0.52,0.92,0.05,0.00,0.01,-1,0.02,0.01,0.91,0.89,0.04,0.05,0.92,0.29,727,25.10,0.69,0.21,123300,4053,2.32,27021,47268,0.11,889,0.24,-1,6412,117903,-1,26601,6.38,1566.90,19108,89874,84398,5476,6.10,0,0,,1,1,1,6.5,6,683,-1,-1,,,-1,,13,12,-1,-1,-1,-1
"Dunbar","WV","Kanawha County
 ",7876,7907,0.00,7907,0.06,0.18,0.20,0.54,0.83,0.12,0.00,0.02,-1,0.03,0.01,0.82,0.89,0.02,0.02,0.92,0.17,626,18.20,0.63,0.24,89400,3444,2.24,23900,43988,0.16,534,0.22,-1,74287,109672,14327,13936,2.80,2822.90,22564,89874,84398,5476,6.10,0,0,,1,1,1,6.5,6,683,19,199,,,13,,13,12,-1,-1,-1,-1
"Elkins","WV","Randolph County
 ",7108,7092,0.00,7094,0.06,0.21,0.18,0.52,0.97,0.01,0.00,0.01,0.00,0.01,0.01,0.96,0.80,0.02,0.05,0.87,0.25,648,16.00,0.63,0.24,99100,2936,2.26,19947,32437,0.22,986,0.25,-1,334119,259681,37066,19111,3.43,2070.00,24580,11893,10970,923,7.80,1,0,1,1,1,1,6.5,6,683,24,244,,,8,,13,12,-1,-1,-1,-1
"Fairmont","WV","Marion County
 ",18764,18711,0.00,18704,0.06,0.18,0.17,0.52,0.89,0.08,0.00,0.01,-1,0.02,0.01,0.88,0.84,0.01,0.03,0.87,0.25,1289,21.50,0.68,0.22,86400,7868,2.27,20754,34643,0.21,2195,0.30,-1,165990,277241,14556,36435,8.62,2169.60,26452,13157,11924,1233,9.40,1,0,2,1,1,1,6.5,6,683,65,537,,,35,,13,12,-1,-1,-1,-1
"Grafton","WV","Taylor County
 ",5171,5164,0.00,5164,0.07,0.22,0.19,0.52,0.97,0.01,0.00,0.00,0.00,0.02,0.01,0.97,0.86,0.00,0.01,0.78,0.10,582,26.40,0.67,0.19,62200,2204,2.26,16369,27418,0.24,"S","S",-1,-1,86046,16177,6960,3.67,1407.10,32716,7311,6850,461,6.30,1,0,1,1,1,1,6.5,6,683,-1,-1,,,5,,13,12,-1,-1,-1,-1
"Huntington","WV","Cabell County
 Wayne County
 ",49253,49134,0.00,49138,0.06,0.18,0.15,0.51,0.87,0.09,0.00,0.01,-1,0.03,0.01,0.86,0.78,0.02,0.03,0.86,0.24,4586,16.70,0.53,0.33,84200,21396,2.17,20011,28483,0.30,4084,0.22,1725063,477567,548118,11137,121997,16.22,3029.30,39460,44491,41774,2717,6.10,6,0,6,3,1,1,6.5,6,683,-1,-1,,,98,,13,12,-1,-1,47,-1
"Hurricane","WV","Putnam County
 ",6333,6275,0.01,6284,0.07,0.26,0.14,0.52,0.97,0.01,0.00,0.01,-1,0.01,0.01,0.96,0.92,0.01,0.02,0.88,0.28,588,22.40,0.78,0.11,125800,2273,2.76,25933,56861,0.07,808,0.34,-1,248690,155422,24983,19728,3.74,1678.90,39532,26611,25250,1361,5.10,1,0,,2,1,1,6.5,6,683,15,195,,,16,,13,12,-1,-1,-1,-1
"Keyser","WV","Mineral County
 ",5421,5425,0.00,5439,0.06,0.19,0.17,0.52,0.88,0.09,0.00,0.00,0.00,0.02,0.01,0.87,0.87,0.01,0.02,0.84,0.17,556,22.90,0.55,0.30,83100,2185,2.25,15971,27002,0.23,895,0.27,-1,-1,152076,28819,12725,1.92,2838.70,43492,14063,13190,873,6.20,1,0,,1,1,1,6.5,6,683,9,159,,,12,,13,12,-1,-1,-1,-1
"Martinsburg","WV","Berkeley County
 ",17487,17227,0.02,17227,0.07,0.23,0.13,0.51,0.78,0.15,0.00,0.01,0.00,0.04,0.06,0.75,0.76,0.07,0.07,0.82,0.20,2298,26.50,0.54,0.34,171700,7328,2.33,23344,35246,0.22,3746,0.29,-1,315303,621370,38097,72051,6.65,2591.70,52060,45581,42764,2817,6.20,2,0,4,1,1,1,6.5,6,683,81,1177,,,46,,13,12,-1,-1,-1,-1
"Morgantown","WV","Monongalia County
 ",30293,29662,0.02,29660,0.03,0.08,0.08,0.47,0.90,0.04,0.00,0.03,0.00,0.02,0.03,0.88,0.63,0.05,0.07,0.91,0.47,1159,16.20,0.41,0.52,166100,10082,2.23,18648,25948,0.36,2705,0.25,-1,53302,743252,25360,118207,10.17,2917.00,55756,51962,49708,2254,4.30,3,0,7,3,1,1,6.5,6,683,130,818,,,58,,13,12,-1,-1,-1,-1
"Moundsville","WV","Marshall County
 ",9234,9318,-0.01,9318,0.05,0.19,0.20,0.52,0.98,0.01,0.00,0.00,0.00,0.01,0.01,0.97,0.86,0.01,0.01,0.84,0.10,1161,21.80,0.74,0.12,72200,4244,2.16,26883,31742,0.20,926,0.28,-1,-1,202106,21805,15728,2.91,3205.40,56020,13157,11924,1233,9.40,0,0,5,1,1,1,6.5,6,683,17,282,,,18,,13,12,-1,-1,-1,-1
"New Martinsville","WV","Wetzel County
 ",5292,5366,-0.01,5366,0.05,0.21,0.22,0.53,0.98,0.00,0.00,0.01,0.00,0.01,0.01,0.98,0.90,0.01,0.01,0.86,0.19,456,23.20,0.78,0.17,90700,2316,2.27,22931,36641,0.17,706,"S",-1,-1,191173,34156,20005,2.67,2007.50,58684,6374,5726,648,10.20,1,0,,1,1,1,6.5,6,683,-1,-1,,,10,,13,12,-1,-1,-1,-1
"Nitro","WV","Kanawha County
 Putnam County
 ",7163,7174,0.00,7178,0.06,0.20,0.17,0.52,0.95,0.02,0.01,0.01,-1,0.01,0.02,0.94,0.92,0.01,0.02,0.91,0.21,763,23.90,0.69,0.22,86900,2997,2.45,22599,42102,0.10,594,"S",-1,225182,222167,33041,10978,4.28,1679.10,59068,89874,84398,5476,6.10,0,0,,1,1,1,6.5,6,683,14,235,,,13,,13,12,-1,-1,-1,-1
"Oak Hill","WV","Fayette County
 ",7672,7730,-0.01,7730,0.07,0.21,0.19,0.53,0.93,0.04,0.00,0.00,-1,0.02,0.01,0.93,0.86,0.00,0.01,0.79,0.14,734,26.60,0.72,0.13,79700,3296,2.29,19625,32368,0.20,555,"S",-1,-1,113957,15845,13701,4.88,1582.70,60028,18274,16937,1337,7.30,1,0,,2,1,1,6.5,6,683,-1,-1,,,14,,13,12,-1,-1,-1,-1
"Parkersburg","WV","Wood County
 ",31557,31498,0.00,31492,0.06,0.21,0.18,0.53,0.95,0.02,0.00,0.00,0.00,0.02,0.01,0.94,0.84,0.01,0.02,0.84,0.15,3200,16.50,0.62,0.23,87400,13920,2.23,20789,33629,0.23,2979,0.24,-1,177970,820888,25950,87066,11.82,2664.30,62140,38636,36050,2586,6.70,3,0,5,2,1,1,6.5,6,683,-1,-1,,,63,,13,12,-1,-1,-1,-1
"Pea Ridge ","WV","Cabell County
 ",-1,-1,-1,6650,0.05,0.18,0.20,0.53,0.94,0.02,-1,0.03,-1,0.01,0.01,0.93,0.87,0.05,0.05,0.92,0.37,465,17.60,0.61,0.34,134300,3007,2.27,29540,49053,0.06,"S","S",-1,-1,9857,-1,-1,2.29,2903.90,62488,44491,41774,2717,6.10,0,0,,0,1,1,6.5,6,683,-1,-1,,,-1,,13,12,-1,-1,-1,-1
"Princeton","WV","Mercer County
 ",6453,6432,0.00,6432,0.06,0.19,0.21,0.54,0.91,0.06,0.00,0.01,0.00,0.02,0.01,0.90,0.87,0.02,0.04,0.81,0.14,606,17.70,0.66,0.18,79000,2955,2.16,18933,29920,0.21,1284,0.35,114572,15634,156550,25181,29818,3.01,2139.00,65692,24198,22616,1582,6.50,2,0,3,1,1,1,6.5,6,683,48,429,,,19,,13,12,-1,-1,-1,-1
"South Charleston","WV","Kanawha County
 ",13396,13449,0.00,13450,0.06,0.21,0.18,0.54,0.87,0.08,0.00,0.01,-1,0.03,0.01,0.86,0.86,0.03,0.04,0.91,0.30,995,16.20,0.67,0.28,108300,6025,2.22,26311,43008,0.11,1605,0.27,918115,91933,685426,54429,74442,7.61,1766.70,75292,89874,84398,5476,6.10,1,0,2,1,1,1,6.5,6,683,69,490,,,40,,13,12,-1,-1,-1,-1
"St. Albans","WV","Kanawha County
 ",11001,11044,0.00,11044,0.05,0.20,0.21,0.53,0.94,0.03,0.00,0.01,0.00,0.02,0.01,0.94,0.88,0.01,0.01,0.90,0.23,1217,23.10,0.74,0.15,99400,4745,2.31,24717,44323,0.07,887,0.22,-1,50192,327718,29874,20305,3.62,3054.20,71212,89874,84398,5476,6.10,0,0,2,1,1,1,6.5,6,683,33,452,,,21,,13,12,-1,-1,-1,-1
"Teays Valley ","WV","Putnam County
 ",-1,-1,-1,13175,0.06,0.24,0.16,0.52,0.95,0.02,0.00,0.02,0.00,0.01,0.01,0.95,0.91,0.03,0.03,0.94,0.35,1215,25.30,0.87,0.12,188500,5278,2.54,33086,74879,0.06,684,0.24,-1,42160,80193,-1,11706,7.17,1837.00,79545,26611,25250,1361,5.10,0,0,,0,1,1,6.5,6,683,-1,-1,,,-1,,13,12,-1,-1,-1,-1
"Vienna","WV","Wood County
 ",10770,10749,0.00,10749,0.05,0.20,0.20,0.53,0.96,0.01,0.00,0.01,-1,0.01,0.01,0.95,0.85,0.02,0.03,0.90,0.27,1034,18.90,0.77,0.16,115400,4613,2.30,27117,46200,0.08,564,0.23,-1,-1,373793,35481,37439,3.79,2836.10,83500,38636,36050,2586,6.70,0,0,,1,1,1,6.5,6,683,-1,-1,,,18,,13,12,-1,-1,-1,-1
"Weirton","WV","Brooke County
 Hancock County
 ",19651,19745,-0.01,19746,0.06,0.19,0.21,0.53,0.94,0.04,0.00,0.01,-1,0.02,0.01,0.93,0.85,0.02,0.04,0.90,0.18,1941,24.40,0.73,0.17,88700,8569,2.27,24632,39961,0.15,1411,0.25,1184198,128120,227724,12145,38064,18.05,1093.70,85156,10390,9409,981,9.40,1,0,1,1,1,1,6.5,6,683,23,239,,,38,,13,12,-1,-1,-1,-1
"Wheeling","WV","Marshall County
 Ohio County
 ",28355,28484,-0.01,28486,0.05,0.19,0.21,0.53,0.91,0.05,0.00,0.01,-1,0.02,0.01,0.91,0.86,0.01,0.03,0.90,0.26,2615,17.20,0.64,0.32,92000,12770,2.13,22881,34807,0.19,3061,0.24,-1,-1,402129,13855,76523,13.79,2065.50,86452,13157,11924,1233,9.40,2,0,10,2,1,1,6.5,6,683,143,1006,,,78,,13,12,-1,-1,-1,-1
"Casper","WY","Natrona County
 ",55988,55316,0.01,55316,0.07,0.24,0.13,0.50,0.92,0.01,0.01,0.01,-1,0.03,0.07,0.88,0.81,0.03,0.06,0.93,0.24,4406,17.00,0.67,0.21,180800,22340,2.40,30603,53064,0.08,6002,0.25,135026,2387088,1200013,22662,142657,26.90,2056.10,13150,43497,41715,1782,4.10,2,0,6,1,1,0,0,4,2385,107,2504,,,94,,1,2,-1,-1,-1,-1
"Cheyenne","WY","Laramie County
 ",60096,59483,0.01,59466,0.07,0.24,0.14,0.51,0.87,0.03,0.01,0.01,0.00,0.03,0.15,0.79,0.80,0.03,0.09,0.93,0.25,8239,13.50,0.64,0.25,168100,24693,2.34,28739,51912,0.10,5902,0.31,2390927,354575,1382670,24614,144012,24.52,2425.10,13900,45067,42784,2283,5.10,2,0,9,1,1,0,0,4,2385,125,2365,,,103,,1,2,-1,-1,5,81
"Cody","WY","Park County
 ",9653,9520,0.01,9520,0.06,0.22,0.18,0.52,0.96,0.00,0.01,0.00,0.00,0.02,0.03,0.94,0.78,0.03,0.05,0.91,0.26,1005,12.00,0.61,0.20,184400,4367,2.13,25260,41575,0.11,2085,0.24,-1,32110,205754,22335,45050,10.20,933.80,15760,15354,14623,731,4.80,1,0,5,1,1,0,0,4,2385,23,240,,,20,,1,2,-1,-1,-1,-1
"Douglas","WY","Converse County
 ",6084,6120,-0.01,6120,0.08,0.28,0.11,0.50,0.94,0.00,0.01,0.00,-1,0.02,0.08,0.90,0.78,0.01,0.03,0.92,0.17,559,28.20,0.64,0.24,173000,2652,2.23,27566,53576,0.09,706,"S",-1,-1,113253,19900,16204,4.58,1335.70,21125,8239,7963,276,3.30,2,0,2,1,1,0,0,4,2385,11,175,,,17,,1,2,-1,-1,-1,-1
"Evanston","WY","Uinta County
 ",12282,12359,-0.01,12359,0.09,0.30,0.09,0.50,0.90,0.00,0.01,0.00,0.00,0.03,0.12,0.85,0.84,0.04,0.07,0.89,0.22,860,22.30,0.68,0.24,185400,4245,2.81,25278,57455,0.10,1152,0.12,-1,149782,318946,27873,32363,10.27,1203.60,25620,11210,10720,490,4.40,2,0,2,1,1,0,0,4,2385,11,329,,,27,,1,2,-1,-1,-1,-1
"Gillette","WY","Campbell County
 ",29389,29085,0.01,29087,0.09,0.28,0.06,0.48,0.92,0.00,0.01,0.01,-1,0.02,0.10,0.87,0.77,0.04,0.08,0.91,0.19,1619,17.70,0.71,0.26,194300,10469,2.64,32370,74404,0.07,3273,0.30,-1,665757,693445,27436,82554,18.97,1533.40,31855,28434,27378,1056,3.70,1,0,1,1,1,0,0,4,2385,33,871,,,53,,1,2,-1,-1,-1,-1
"Green River","WY","Sweetwater County
 ",12622,12515,0.01,12515,0.08,0.28,0.09,0.48,0.92,0.00,0.01,0.01,0.00,0.02,0.13,0.84,0.82,0.03,0.06,0.92,0.21,1220,23.80,0.76,0.16,210700,4441,2.78,30158,74738,0.09,1012,0.37,-1,31936,80285,6664,-1,13.73,911.80,33740,25010,24085,925,3.70,0,0,1,1,1,0,0,4,2385,82,308,,,31,,1,2,-1,-1,-1,-1
"Jackson","WY","Teton County
 ",9710,9595,0.01,9577,0.07,0.18,0.06,0.46,0.80,0.00,0.01,0.01,0.00,0.02,0.27,0.69,0.80,0.14,0.17,0.90,0.48,402,13.10,0.47,0.52,573100,3306,2.85,29223,54234,0.06,4042,0.25,-1,73712,449612,46650,148775,2.91,3287.70,40120,13002,12214,788,6.10,1,0,3,1,1,0,0,4,2385,35,310,,,20,,1,2,-1,-1,-1,-1
"Lander","WY","Fremont County
 ",7571,7487,0.01,7487,0.07,0.22,0.17,0.51,0.88,0.00,0.07,0.01,-1,0.03,0.05,0.85,0.77,0.02,0.03,0.92,0.29,675,15.30,0.62,0.21,180100,3046,2.33,24758,50823,0.09,903,0.29,-1,6334,138244,19373,17387,4.67,1604.90,44760,19840,18756,1084,5.50,1,0,4,1,1,0,0,4,2385,7,228,,,17,,1,2,-1,-1,-1,-1
"Laramie","WY","Albany County
 ",31312,30816,0.02,30816,0.06,0.16,0.08,0.48,0.90,0.01,0.01,0.03,0.00,0.03,0.09,0.84,0.67,0.06,0.11,0.96,0.50,1774,11.70,0.48,0.41,189500,12333,2.23,23104,41304,0.26,2970,0.33,-1,107527,444645,16088,58683,17.74,1737.50,45050,21115,20384,731,3.50,1,0,7,1,1,0,0,4,2385,26,670,,,49,,1,2,-1,-1,-1,-1
"Powell","WY","Park County
 ",6393,6314,0.01,6314,0.07,0.21,0.17,0.52,0.94,0.00,0.01,0.01,-1,0.02,0.09,0.87,0.72,0.02,0.06,0.89,0.30,615,17.80,0.73,0.13,149900,2440,2.33,27152,49309,0.11,881,0.26,-1,22663,86789,15301,-1,4.25,1487.40,62450,15354,14623,731,4.80,1,0,1,1,1,0,0,4,2385,23,195,,,17,,1,2,-1,-1,-1,-1
"Ranchettes ","WY","Laramie County
 ",-1,-1,-1,5798,0.04,0.22,0.15,0.49,0.95,0.01,0.00,0.01,0.00,0.02,0.06,0.90,0.92,0.02,0.06,0.95,0.33,845,18.80,0.91,0.02,305500,2276,2.75,38130,78158,0.02,-1,-1,-1,-1,-1,-1,-1,49.19,117.90,63800,45067,42784,2283,5.10,0,0,,0,1,0,0,4,2385,-1,-1,,,-1,,1,2,-1,-1,-1,-1
"Rawlins","WY","Carbon County
 ",9203,9259,-0.01,9259,0.08,0.26,0.09,0.45,0.85,0.01,0.01,0.01,0.00,0.03,0.24,0.72,0.74,0.07,0.17,0.89,0.13,946,14.00,0.72,0.20,153100,3318,2.44,27799,64271,0.08,628,0.22,-1,-1,251206,29038,28102,8.24,1123.40,63900,7900,7547,353,4.50,1,0,2,1,1,0,0,4,2385,23,310,,,20,,1,2,-1,-1,-1,-1
"Riverton","WY","Fremont County
 ",10867,10749,0.01,10615,0.08,0.24,0.15,0.50,0.84,0.01,0.10,0.00,0.00,0.04,0.09,0.79,0.78,0.02,0.06,0.88,0.19,1060,14.80,0.65,0.19,139100,4555,2.21,21781,39169,0.18,1109,0.21,-1,57135,312440,31856,32364,9.86,1077.10,66220,19840,18756,1084,5.50,1,0,2,1,1,0,0,4,2385,31,540,,,25,,1,2,-1,-1,-1,-1
"Rock Springs","WY","Sweetwater County
 ",23229,23036,0.01,23036,0.09,0.26,0.08,0.48,0.86,0.01,0.01,0.01,0.00,0.03,0.16,0.79,0.78,0.07,0.10,0.91,0.16,1978,18.90,0.69,0.20,174600,8926,2.47,30547,71053,0.10,2424,0.23,-1,269484,636441,32424,77952,19.34,1191.20,67235,25010,24085,925,3.70,1,0,3,2,1,0,0,4,2385,96,758,,,47,,1,2,-1,-1,-1,-1
"Sheridan","WY","Sheridan County
 ",17517,17444,0.00,17444,0.07,0.22,0.16,0.50,0.95,0.00,0.01,0.01,0.00,0.02,0.04,0.92,0.80,0.04,0.06,0.93,0.22,1783,13.10,0.63,0.21,191800,7470,2.23,25068,48063,0.11,2121,0.26,-1,460951,425877,25476,55400,10.93,1596.30,69845,15918,15138,780,4.90,2,0,3,1,1,0,0,4,2385,43,488,,,27,,1,2,-1,-1,-1,-1
"Torrington","WY","Goshen County
 ",6690,6501,0.03,6501,0.05,0.20,0.19,0.48,0.93,0.01,0.01,0.01,0.00,0.01,0.11,0.86,0.78,0.01,0.06,0.89,0.20,512,16.90,0.64,0.13,121600,2592,2.29,22621,40521,0.15,861,0.25,-1,29941,104661,18793,10218,4.62,1405.90,77530,6578,6303,275,4.20,1,0,1,1,1,0,0,4,2385,11,138,,,15,,1,2,-1,-1,-1,-1
"Worland","WY","Washakie County
 ",5458,5487,-0.01,5487,0.08,0.25,0.18,0.52,0.90,0.00,0.01,0.01,-1,0.03,0.17,0.81,0.84,0.04,0.09,0.88,0.18,534,9.80,0.67,0.12,121600,2312,2.29,25685,44453,0.11,-1,-1,-1,-1,-1,-1,-1,4.56,1203.00,84925,4440,4264,176,4.00,1,0,1,1,1,0,0,4,2385,2,28,,,11,,1,2,-1,-1,-1,-1
